{"lr":1.0000000000000004E-08,"momentum":0.9,"slots":4,"timestamp":"2026-04-12T21:38:02.6347844Z"}