{"lr":1.0000000000000004E-08,"momentum":0.9,"slots":4,"timestamp":"2026-04-15T18:55:49.4582564Z"}