{"epoch":21,"lr":0.001,"timestamp":"2026-04-15T20:31:30.5389455Z","scheduler":{"bestLoss":1.379678725742185,"epochsSinceImprovement":0,"currentLr":0.001}}