{"epoch":60,"lr":1E-12,"timestamp":"2026-04-15T21:23:28.0578254Z","scheduler":{"bestLoss":0.25624675172069855,"epochsSinceImprovement":2,"currentLr":1E-12}}