{"epoch":499,"lr":1E-06,"timestamp":"2026-04-15T17:39:01.0922011Z","scheduler":{"bestLoss":1.3862934800300155,"epochsSinceImprovement":6,"currentLr":1E-06}}